<?xml version="1.0" encoding="UTF-8"?>
<project-private xmlns="http://www.netbeans.org/ns/project-private/1">
    <editor-bookmarks xmlns="http://www.netbeans.org/ns/editor-bookmarks/2" lastBookmarkId="0"/>
    <open-files xmlns="http://www.netbeans.org/ns/projectui-open-files/2">
        <group>
            <file>file:/C:/Users/Αnna/Desktop/JAVA%20THANASIS/Projects/Grocery%20Store%20All%20Versions/GroceryStoreV9/src/grocerystorev9/ProductInfo.java</file>
            <file>file:/C:/Users/Αnna/Desktop/JAVA%20THANASIS/Projects/Grocery%20Store%20All%20Versions/GroceryStoreV9/src/grocerystorev9/ShoppingBasket.java</file>
            <file>file:/C:/Users/Αnna/Desktop/JAVA%20THANASIS/Projects/Grocery%20Store%20All%20Versions/GroceryStoreV9/src/grocerystorev9/ShoppingBasketEntry.java</file>
            <file>file:/C:/Users/Αnna/Desktop/JAVA%20THANASIS/Projects/Grocery%20Store%20All%20Versions/GroceryStoreV9/src/grocerystorev9/ProductType.java</file>
            <file>file:/C:/Users/Αnna/Desktop/JAVA%20THANASIS/Projects/Grocery%20Store%20All%20Versions/GroceryStoreV9/src/grocerystorev9/Program.java</file>
            <file>file:/C:/Users/Αnna/Desktop/JAVA%20THANASIS/Projects/Grocery%20Store%20All%20Versions/GroceryStoreV9/src/grocerystorev9/GroceryStore.java</file>
            <file>file:/C:/Users/Αnna/Desktop/JAVA%20THANASIS/Projects/Grocery%20Store%20All%20Versions/GroceryStoreV9/src/grocerystorev9/PriceList.java</file>
        </group>
    </open-files>
</project-private>
