<?xml version="1.0" encoding="UTF-8"?>
<project-private xmlns="http://www.netbeans.org/ns/project-private/1">
    <editor-bookmarks xmlns="http://www.netbeans.org/ns/editor-bookmarks/2" lastBookmarkId="0"/>
    <open-files xmlns="http://www.netbeans.org/ns/projectui-open-files/2">
        <group>
            <file>file:/C:/Users/abaka/Source/NetbeansProjects/Java-Exams/Exam2019/src/exam2019/subject_6/WordLadderFrame.java</file>
            <file>file:/C:/Users/abaka/Source/NetbeansProjects/Java-Exams/Exam2019/src/exam2019/Subject_3a.java</file>
            <file>file:/C:/Users/abaka/Source/NetbeansProjects/Java-Exams/Exam2019/src/exam2019/Subject_3b.java</file>
            <file>file:/C:/Users/abaka/Source/NetbeansProjects/Java-Exams/Exam2019/src/exam2019/subject_6/WordLadder.java</file>
            <file>file:/C:/Users/abaka/Source/NetbeansProjects/Java-Exams/Exam2019/src/exam2019/Subject_1.java</file>
            <file>file:/C:/Users/abaka/Source/NetbeansProjects/Java-Exams/Exam2019/src/exam2019/subject_5/SalariedEmployer.java</file>
            <file>file:/C:/Users/abaka/Source/NetbeansProjects/Java-Exams/Exam2019/src/exam2019/StudentId.java</file>
            <file>file:/C:/Users/abaka/Source/NetbeansProjects/Java-Exams/Exam2019/src/exam2019/Subject_2.java</file>
            <file>file:/C:/Users/abaka/Source/NetbeansProjects/Java-Exams/Exam2019/src/exam2019/subject_5/C.java</file>
        </group>
    </open-files>
</project-private>
