<?xml version="1.0" encoding="UTF-8"?>
<project-private xmlns="http://www.netbeans.org/ns/project-private/1">
    <editor-bookmarks xmlns="http://www.netbeans.org/ns/editor-bookmarks/2" lastBookmarkId="0"/>
    <open-files xmlns="http://www.netbeans.org/ns/projectui-open-files/2">
        <group>
            <file>file:/C:/Users/Αnna/Desktop/JAVA%20THANASIS/Projects/AnimalsPoly/AnimalsPoly/src/animalspoly/Program.java</file>
            <file>file:/C:/Users/Αnna/Desktop/JAVA%20THANASIS/Projects/AnimalsPoly/AnimalsPoly/src/animalspoly/Bird.java</file>
            <file>file:/C:/Users/Αnna/Desktop/JAVA%20THANASIS/Projects/AnimalsPoly/AnimalsPoly/src/animalspoly/Hippo.java</file>
            <file>file:/C:/Users/Αnna/Desktop/JAVA%20THANASIS/Projects/AnimalsPoly/AnimalsPoly/src/animalspoly/Cat.java</file>
            <file>file:/C:/Users/Αnna/Desktop/JAVA%20THANASIS/Projects/AnimalsPoly/AnimalsPoly/src/animalspoly/Animal.java</file>
            <file>file:/C:/Users/Αnna/Desktop/JAVA%20THANASIS/Projects/AnimalsPoly/AnimalsPoly/src/animalspoly/Dog.java</file>
        </group>
    </open-files>
</project-private>
